"Variable","Categoría","Comuna 01","Comuna 02","Comuna 03","Comuna 04","Comuna 05","Comuna 06","Comuna 07","Comuna 08","Comuna 09","Comuna 10","Comuna 11","Comuna 12","Zona Rural"
"¿En su vida diaria tiene dificultades para: Oir,hablar,ver,moverse,caminar, agar","No","31.918","9.342","20.572","20.107","42.876","29.446","20.771","25.338","30.325","40.009","32.576","35.544","21.629"
"¿En su vida diaria tiene dificultades para: Oir,hablar,ver,moverse,caminar, agar","Sí","2.885","1.075","2.292","2.731","4.576","2.159","2.084","1.955","3.665","3.210","2.971","3.209","2.527"
"Fuente para preparar los alimentos","Acueducto público?","34.065","9.900","22.120","21.892","44.427","30.121","21.478","26.033","32.726","41.125","32.951","35.301","14.013"
"Fuente para preparar los alimentos","Acueducto veredal?","24","31","13","161","648","258","519","129","229","228","481","625","2.543"
"Fuente para preparar los alimentos","Agua embotellada o en bolsa?","11","7","6","15","47","41","19","38","30","41","70","87","43"
"Fuente para preparar los alimentos","Agua lluvia?","2","39","17","52","203","72","9","91","73","228","360","569","214"
"Fuente para preparar los alimentos","Aguatero?","13","18","6","16","33","24","0","12","8","14","12","64","34"
"Fuente para preparar los alimentos","Carrotanque?","0","8","6","8","25","0","0","1","24","7","108","75","0"
"Fuente para preparar los alimentos","No informa","453","38","131","162","207","327","161","281","112","152","124","157","78"
"Fuente para preparar los alimentos","Pila pública?","5","3","17","0","9","2","2","2","3","18","12","11","8"
"Fuente para preparar los alimentos","Pozo con bomba?","12","3","42","47","220","93","90","148","143","138","156","288","492"
"Fuente para preparar los alimentos","Pozo sin bomba, aljibe, jaguey o barreno?","8","8","49","98","305","180","40","98","71","88","350","421","379"
"Fuente para preparar los alimentos","Red de distribución comunitaria?","36","80","43","86","470","146","146","126","193","424","306","373","1.260"
"Fuente para preparar los alimentos","RÍo, quebrada, manantial, nacimiento?","123","57","19","212","705","239","245","86","265","528","380","596","4.882"
"Lugar donde preparan los alimentos","En un cuarto usado solo para cocinar?","33.291","9.562","21.452","21.956","44.093","29.832","21.577","25.612","32.388","40.611","33.277","35.832","22.123"
"Lugar donde preparan los alimentos","En un cuarto usado también para dormir?","220","193","217","112","337","146","114","162","264","460","362","354","373"
"Lugar donde preparan los alimentos","En un patio, corredor, enramada o al aire libre?","56","52","137","122","719","252","36","132","183","248","549","948","688"
"Lugar donde preparan los alimentos","En una sala-comedor con lavaplatos?","847","335","595","460","1.918","1.163","909","1.032","923","1.496","957","1.209","624"
"Lugar donde preparan los alimentos","En una sala-comedor sin lavaplatos?","46","17","12","66","160","56","25","26","76","116","125","171","82"
"Lugar donde preparan los alimentos","No informa","292","33","56","33","72","54","48","81","43","60","40","53","56"
"Lugar donde preparan los alimentos","No preparan alimentos en la vivienda?","51","225","395","89","153","102","146","248","113","228","237","186","210"
"¿En general considera que la calidad de la prestación del servicio de salud reci","Bueno","1.877","700","1.990","1.686","3.265","1.984","1.663","1.144","2.197","2.702","1.901","2.308","2.078"
"¿En general considera que la calidad de la prestación del servicio de salud reci","Malo","437","187","455","342","841","326","329","245","530","586","493","559","457"
"¿En general considera que la calidad de la prestación del servicio de salud reci","Muy Malo","193","87","195","108","330","118","72","90","128","205","264","299","119"
"¿En general considera que la calidad de la prestación del servicio de salud reci","Muy bueno","726","208","683","653","881","582","773","677","815","910","533","555","777"
"¿Actualmente asiste a algún preescolar, escuela, colegio o universidad, de forma","No","24.352","7.541","16.942","16.173","32.409","22.354","15.887","19.085","23.773","30.907","25.089","27.077","17.484"
"¿Actualmente asiste a algún preescolar, escuela, colegio o universidad, de forma","No informa","790","148","296","230","358","279","194","429","281","377","240","258","204"
"¿Actualmente asiste a algún preescolar, escuela, colegio o universidad, de forma","Sí","8.248","2.151","4.652","5.626","12.056","7.583","5.755","6.929","8.218","9.786","8.352","9.299","5.128"
"Ha tenido algún hijo(a) nacido vivo(a)","No","6.205","1.441","3.904","4.417","7.113","5.623","3.501","5.608","5.382","7.168","5.600","5.826","3.152"
"Ha tenido algún hijo(a) nacido vivo(a)","No informa","486","121","221","184","328","209","152","297","241","311","233","244","178"
"Ha tenido algún hijo(a) nacido vivo(a)","Sí","10.843","3.183","7.001","7.213","14.703","9.739","7.285","8.304","10.857","13.436","10.935","11.986","6.873"
"¿Lo atendieron?","No","74","52","83","49","112","51","52","46","86","118","108","125","93"
"¿Lo atendieron?","No informa","1","0","0","0","0","0","0","0","0","0","0","0","0"
"¿Lo atendieron?","Sí","3.233","1.182","3.323","2.789","5.317","3.010","2.837","2.156","3.670","4.403","3.191","3.721","3.431"
"¿Donde nacio?","En este mpio","21.570","7.078","14.240","13.109","30.623","20.092","13.679","14.731","21.735","27.952","23.360","25.339","13.828"
"¿Donde nacio?","En otro mpio Colombiano","12.167","3.107","8.124","9.239","16.212","10.926","8.758","11.639","11.746","14.480","11.539","12.691","10.811"
"¿Donde nacio?","En otro país","301","90","218","259","310","344","255","524","253","432","433","487","191"
"¿Donde nacio?","No Informa","765","142","282","231","307","243","163","399","256","355","215","236","174"
"¿En donde vivía hace 12 meses ?","En este mpio","32.753","10.010","21.785","21.817","45.751","30.304","21.718","25.518","32.606","41.538","34.303","37.413","22.465"
"¿En donde vivía hace 12 meses ?","En otro mpio colombiano","856","114","477","487","732","599","637","961","663","686","469","461","1.163"
"¿En donde vivía hace 12 meses ?","En otro país","169","56","156","152","181","219","145","238","141","246","217","252","105"
"¿En donde vivía hace 12 meses ?","No Informa","768","144","283","222","318","247","170","418","268","361","226","247","182"
"¿En donde vivía hace 12 meses ?","No había nacido","257","93","163","160","470","236","185","158","312","388","332","380","241"
"¿En donde vivía hace 5 años ?","En este mpio","29.412","9.204","19.601","19.377","41.321","27.386","19.350","22.241","29.362","37.783","31.198","34.231","19.404"
"¿En donde vivía hace 5 años ?","En otro mpio Colombiano","2.775","394","1.694","2.078","2.783","2.180","1.961","3.141","2.320","2.448","1.815","1.625","3.007"
"¿En donde vivía hace 5 años ?","En otro país","438","97","307","338","388","398","338","635","312","483","443","528","218"
"¿En donde vivía hace 5 años ?","No Informa","899","153","356","303","443","376","275","566","367","471","301","318","221"
"¿En donde vivía hace 5 años ?","No había nacido","1.279","569","906","742","2.517","1.265","931","710","1.629","2.034","1.790","2.051","1.306"
"¿Sabe leer y escribir?","No","691","629","585","421","1.935","729","464","381","1.235","1.548","1.353","1.845","1.936"
"¿Sabe leer y escribir?","No informa","781","148","295","230","358","273","186","418","279","373","238","257","283"
"¿Sabe leer y escribir?","Sí","31.918","9.063","21.010","21.378","42.530","29.214","21.186","25.644","30.758","39.149","32.090","34.532","21.432"
"¿Cuantos años cumplidos tiene?","de 00 A 04 Años","1.413","577","974","809","2.629","1.389","1.019","850","1.718","2.149","1.866","2.119","1.353"
"¿Cuantos años cumplidos tiene?","de 05 A 09 Años","1.483","636","1.018","944","2.998","1.513","1.137","902","1.787","2.347","2.097","2.465","1.498"
"¿Cuantos años cumplidos tiene?","de 10 A 14 Años","1.717","744","1.181","1.058","3.638","1.793","1.341","1.001","1.984","2.750","2.431","2.814","1.946"
"¿Cuantos años cumplidos tiene?","de 100 y más Años","13","2","2","6","5","9","3","12","5","7","8","8","8"
"¿Cuantos años cumplidos tiene?","de 15 A 19 Años","2.375","841","1.543","1.619","4.126","2.220","1.600","1.656","2.593","3.162","2.791","3.107","2.280"
"¿Cuantos años cumplidos tiene?","de 20 A 24 Años","2.861","923","1.905","2.073","4.326","2.680","1.884","2.282","3.344","3.820","3.083","3.457","1.912"
"¿Cuantos años cumplidos tiene?","de 25 A 29 Años","2.764","888","1.837","1.830","4.083","2.526","1.593","2.021","2.878","3.611","2.905","3.192","1.806"
"¿Cuantos años cumplidos tiene?","de 30 A 34 Años","2.530","778","1.553","1.482","3.873","2.364","1.609","1.820","2.268","3.274","2.603","2.850","1.576"
"¿Cuantos años cumplidos tiene?","de 35 A 39 Años","2.627","668","1.468","1.559","3.733","2.367","1.858","1.773","2.289","3.074","2.575","2.920","1.759"
"¿Cuantos años cumplidos tiene?","de 40 A 44 Años","2.122","600","1.237","1.363","3.078","2.035","1.591","1.520","2.044","2.611","2.181","2.555","1.546"
"¿Cuantos años cumplidos tiene?","de 45 A 49 Años","2.224","614","1.512","1.473","3.123","2.256","1.596","1.558","2.343","2.822","2.227","2.500","1.723"
"¿Cuantos años cumplidos tiene?","de 50 A 54 Años","2.598","688","1.732","1.672","3.076","2.404","1.587","2.004","2.542","3.025","2.365","2.420","1.668"
"¿Cuantos años cumplidos tiene?","de 55 A 59 Años","2.654","637","1.682","1.736","2.731","2.290","1.475","2.280","2.151","2.891","2.334","2.349","1.599"
"¿Cuantos años cumplidos tiene?","de 60 A 64 Años","2.362","529","1.503","1.546","2.135","1.770","1.425","2.213","1.798","2.424","1.969","1.910","1.360"
"¿Cuantos años cumplidos tiene?","de 65 A 69 Años","1.844","458","1.190","1.229","1.479","1.357","1.170","1.844","1.407","1.810","1.486","1.484","1.052"
"¿Cuantos años cumplidos tiene?","de 70 A 74 Años","1.217","332","866","901","1.068","1.059","846","1.347","1.014","1.387","1.069","1.076","774"
"¿Cuantos años cumplidos tiene?","de 75 A 79 Años","873","248","734","687","637","708","561","917","772","892","670","728","512"
"¿Cuantos años cumplidos tiene?","de 80 A 84 Años","578","140","500","459","422","473","308","663","575","650","488","434","361"
"¿Cuantos años cumplidos tiene?","de 85 A 89 Años","366","75","272","263","205","264","168","400","316","338","269","242","185"
"¿Cuantos años cumplidos tiene?","de 90 A 94 Años","146","28","125","92","74","101","73","191","136","155","112","107","68"
"¿Cuantos años cumplidos tiene?","de 95 A 99 Años","36","11","30","37","13","27","11","39","26","20","18","16","18"
"¿En los últimos 30 días, tuvo alguna enfermedad, accidente, problema odontológic","No","29.994","8.773","18.699","19.011","40.549","27.542","19.318","23.725","29.129","37.362","30.933","33.633","19.888"
"¿En los últimos 30 días, tuvo alguna enfermedad, accidente, problema odontológic","No informa","752","143","280","220","311","232","161","403","248","349","215","235","176"
"¿En los últimos 30 días, tuvo alguna enfermedad, accidente, problema odontológic","Sí","4.057","1.501","3.885","3.607","6.592","3.831","3.376","3.165","4.613","5.508","4.399","4.885","4.092"
"Actualmente, ¿Su estado civil es?","Casado(a)?","8.982","1.273","4.358","5.813","9.623","8.409","6.684","9.154","7.191","9.110","6.846","7.899","5.085"
"Actualmente, ¿Su estado civil es?","Divorciado(a)?","627","51","291","507","356","563","390","865","283","479","361","297","158"
"Actualmente, ¿Su estado civil es?","No Informa","711","139","269","206","300","233","158","400","235","336","200","220","185"
"Actualmente, ¿Su estado civil es?","Separado(a) de matrimonio?","1.415","312","1.104","908","1.388","1.162","721","990","1.265","1.409","1.204","1.104","534"
"Actualmente, ¿Su estado civil es?","Separado(a) de unión libre?","1.233","583","1.011","497","1.738","686","534","443","835","1.570","1.408","1.517","639"
"Actualmente, ¿Su estado civil es?","Soltero(a)?(Nunca se ha casado, ni ha vivido en unión libre)","12.130","3.988","8.794","9.014","16.948","11.834","8.109","9.605","13.306","16.057","13.177","13.863","8.745"
"Actualmente, ¿Su estado civil es?","Unión libre?","4.916","2.377","3.679","2.821","9.790","4.250","3.035","2.385","5.692","7.657","6.750","7.617","5.793"
"Actualmente, ¿Su estado civil es?","Viudo(a)?","1.893","481","1.366","1.319","1.682","1.566","1.068","1.699","1.678","2.105","1.638","1.652","1.014"
"¿Cuál es el nivel educativo más alto alcanzado?","Básica primaria","5.776","3.555","5.360","3.804","12.531","5.252","4.369","2.501","8.612","10.566","9.012","10.510","9.788"
"¿Cuál es el nivel educativo más alto alcanzado?","Básica secundaria","4.201","2.084","3.661","2.710","8.057","3.963","3.061","2.075","5.196","6.638","5.997","6.381","4.386"
"Material predominante de los pisos de esta vivienda","Alfombra","234","23","124","165","81","105","67","705","80","62","61","107","30"
"¿Cuál es el nivel educativo más alto alcanzado?","Especialización, maestría, doctorado","2.595","62","582","1.617","585","2.201","1.470","5.254","502","980","555","706","347"
"¿Cuál es el nivel educativo más alto alcanzado?","Media academica o clasica","7.468","2.263","5.996","4.904","12.104","7.192","5.071","4.189","8.579","10.466","8.927","9.390","4.478"
"¿Cuál es el nivel educativo más alto alcanzado?","Media tecnica","601","67","315","336","502","599","307","322","296","682","364","380","195"
"¿Cuál es el nivel educativo más alto alcanzado?","Ninguno","489","417","387","344","1.170","564","330","439","784","1.002","873","1.255","1.308"
"¿Cuál es el nivel educativo más alto alcanzado?","No informa","885","158","341","292","471","371","249","518","347","475","324","311","342"
"¿Cuál es el nivel educativo más alto alcanzado?","Normalista","174","20","101","132","95","117","72","139","118","133","99","93","32"
"¿Cuál es el nivel educativo más alto alcanzado?","Preescolar","429","199","314","297","862","444","330","272","531","745","687","769","443"
"¿Cuál es el nivel educativo más alto alcanzado?","Técnica profesional o Tecnológica","3.660","572","2.163","2.651","4.623","3.531","2.875","2.046","3.589","4.505","3.460","3.338","1.112"
"¿Cuál es el nivel educativo más alto alcanzado?","Universitario","7.112","443","2.670","4.942","3.823","5.982","3.702","8.688","3.718","4.878","3.383","3.501","1.220"
"Parentesco con el jefe del hogar","Hijo(a), Hijastro(a)","10.523","3.370","6.640","7.034","17.134","10.202","7.573","7.124","11.277","14.451","12.024","13.714","7.999"
"Parentesco con el jefe del hogar","Jefe(a) del hogar","12.769","3.606","8.438","8.549","15.020","11.137","7.720","11.772","11.108","14.760","11.858","12.368","7.694"
"Parentesco con el jefe del hogar","Otros NO parientes","557","190","549","414","606","452","330","724","608","569","454","456","676"
"Parentesco con el jefe del hogar","Otros Parientes","4.849","1.733","3.879","3.018","6.211","4.198","2.938","2.425","5.390","6.120","5.292","5.448","3.057"
"Parentesco con el jefe del hogar","Pareja (Conyuge, compañero(a), esposo(a))","6.105","1.518","3.358","3.823","8.481","5.616","4.294","5.248","5.607","7.319","5.919","6.767","4.730"
"Para tratar ese problema de salud, ¿qué hizo principalmente","Acudió a la entidad de seguridad social en salud de la cual es filiado(a)?","3.308","1.234","3.406","2.838","5.429","3.061","2.889","2.202","3.756","4.521","3.299","3.846","3.524"
"Para tratar ese problema de salud, ¿qué hizo principalmente","Acudió a otro médico de un grupo étnico? (curandero, yerbatero, etc.)","2","1","1","2","1","0","0","0","0","5","1","1","3"
"Para tratar ese problema de salud, ¿qué hizo principalmente","Acudió a un boticario, farmacéuta, droguista?","64","43","67","83","138","73","41","29","84","98","126","110","57"
"Para tratar ese problema de salud, ¿qué hizo principalmente","Acudió a un médico particular? (general, especialista, odontólogo, terapeuta u otro)","338","28","175","351","222","300","219","636","191","249","230","252","158"
"Para tratar ese problema de salud, ¿qué hizo principalmente","Acudió a una autoridad indígena espiritual?","0","0","0","4","0","0","0","1","2","1","0","1","1"
"Para tratar ese problema de salud, ¿qué hizo principalmente","Asistió a terapias alternativas? (acupuntura, esencias florales, musicoterapias, homeópata, etc.)","2","3","3","5","1","6","3","11","2","6","10","3","2"
"Para tratar ese problema de salud, ¿qué hizo principalmente","No Informa","5","0","1","0","1","1","2","0","0","0","0","3","2"
"Para tratar ese problema de salud, ¿qué hizo principalmente","No hizo nada","78","48","48","53","163","73","67","61","154","98","142","128","61"
"Para tratar ese problema de salud, ¿qué hizo principalmente","Se autorrecetó","72","64","52","96","206","89","64","73","142","161","182","180","87"
"Para tratar ese problema de salud, ¿qué hizo principalmente","Usó remedios caseros?","188","80","132","175","431","228","91","152","282","369","409","361","197"
"¿Cual es el sexo de...?","Hombre","15.880","5.061","10.714","10.137","22.486","14.623","10.842","12.234","15.783","20.118","16.886","18.421","13.134"
"¿Cual es el sexo de...?","Mujer","18.923","5.356","12.150","12.701","24.966","16.982","12.013","15.059","18.207","23.101","18.661","20.332","11.870"
"¿Actividad durante la semana pasada . . . :?","Busco trabajo?","1.146","545","994","860","2.095","1.096","830","639","1.507","2.115","1.568","2.025","489"
"¿Actividad durante la semana pasada . . . :?","Estudió?","5.080","1.358","2.753","3.251","7.044","4.616","3.355","3.691","5.050","6.107","5.381","5.881","3.213"
"¿Actividad durante la semana pasada . . . :?","Estuvo en otra situación?","1.671","587","1.559","1.157","2.703","1.554","892","1.452","1.788","1.370","1.531","1.506","1.040"
"¿Actividad durante la semana pasada . . . :?","Está incapacitado(a) permanentemente para trabajar?","301","137","234","193","536","245","184","235","372","398","324","448","288"
"¿Actividad durante la semana pasada . . . :?","No Informa","836","213","377","287","489","332","207","481","350","445","393","459","275"
"¿Actividad durante la semana pasada . . . :?","No trabajó, pero tenía un empleo, trabajo o negocio por el que recibe ingresos?","768","158","496","257","826","723","1.929","874","508","1.075","901","847","632"
"¿Actividad durante la semana pasada . . . :?","Realizó oficios del hogar?","4.859","1.758","3.455","3.118","7.275","4.249","3.178","2.778","5.470","6.861","5.826","6.305","5.375"
"¿Actividad durante la semana pasada . . . :?","Trabajó o ayudó en un negocio por lo menos una hora sin que le pagaran?","208","76","101","80","254","121","89","155","74","160","123","214","168"
"¿Actividad durante la semana pasada . . . :?","Trabajó por lo menos una hora en una actividad que le generó algún ingreso?","13.886","4.048","8.865","9.317","18.863","12.947","7.865","11.185","13.237","17.184","13.487","14.604","9.101"
"¿Actividad durante la semana pasada . . . :?","Vivió de jubilación, pensión o renta?","3.152","324","2.038","2.565","1.740","2.820","2.170","4.051","2.129","3.008","2.050","1.880","742"
"Uso de la Unidad (Espacio independiente y separado)","Lugar Especial de Alojamiento - LEA","0","0","0","0","0","0","0","0","0","0","0","0","848"
"Uso de la Unidad (Espacio independiente y separado)","Mixto (Espacio independiente y separado que combina vivienda con otro uso no residencial)","376","100","379","328","808","507","674","241","774","687","471","745","2.638"
"Uso de la Unidad (Espacio independiente y separado)","Vivienda","34.427","10.317","22.485","22.510","46.644","31.098","22.181","27.052","33.216","42.532","35.076","38.008","21.518"
"Estrato de esta vivienda","Estrato 1","2.328","4.587","312","1.131","14.621","1.348","971","998","3.957","10.706","9.131","6.955","9.167"
"Estrato de esta vivienda","Estrato 2","7.092","2.878","1.238","916","25.226","6.193","1.660","835","12.021","8.265","8.900","21.403","9.499"
"Estrato de esta vivienda","Estrato 3","5.538","2.702","18.722","12.409","6.164","15.279","15.765","1.178","17.476","19.563","15.774","8.889","1.646"
"Estrato de esta vivienda","Estrato 4","18.347","148","2.231","5.874","581","5.747","1.760","1.813","57","3.784","698","318","248"
"Estrato de esta vivienda","Estrato 5","673","13","193","1.365","74","1.858","397","7.497","35","94","136","186","123"
"Estrato de esta vivienda","Estrato 6","736","12","46","961","91","835","2.139","14.641","158","207","200","149","292"
"Estrato de esta vivienda","No sabe el estrato","32","1","18","20","31","29","24","89","31","53","18","8","2.113"
"Estrato de esta vivienda","Sin estrato","12","17","7","26","188","24","41","42","44","109","82","128","226"
"La vivienda cuenta con servicio de Energía Eléctrica","No","45","59","97","136","476","292","98","200","211","438","608","717","842"
"La vivienda cuenta con servicio de Energía Eléctrica","Si","34.758","10.358","22.767","22.702","46.976","31.313","22.757","27.093","33.779","42.781","34.939","38.036","23.314"
"La vivienda cuenta con servicios de Acueducto?","No","156","206","194","516","1.844","769","453","501","727","1.365","1.582","2.333","6.337"
"La vivienda cuenta con servicios de Acueducto?","Si","34.647","10.211","22.670","22.322","45.608","30.836","22.402","26.792","33.263","41.854","33.965","36.420","17.819"
"La vivienda cuenta con servicio de Alcantarillado?","No","353","250","221","822","2.737","1.129","786","755","1.194","1.892","2.542","3.536","11.164"
"La vivienda cuenta con servicio de Alcantarillado?","Si","34.450","10.167","22.643","22.016","44.715","30.476","22.069","26.538","32.796","41.327","33.005","35.217","12.992"
"La vivienda cuenta con servicio de Gas Natural conectado a red pública?","No","4.184","7.059","6.417","2.618","4.519","2.639","1.644","2.409","4.517","6.625","7.906","5.302","18.338"
"La vivienda cuenta con servicio de Gas Natural conectado a red pública?","No informa","466","33","107","181","178","311","135","268","101","132","110","132","115"
"La vivienda cuenta con servicio de Gas Natural conectado a red pública?","Si","30.153","3.325","16.340","20.039","42.755","28.655","21.076","24.616","29.372","36.462","27.531","33.319","5.703"
"¿Cuántas veces por semana?","1 vez","198","127","112","187","1.876","309","69","361","195","427","487","482","9.733"
"¿Cuántas veces por semana?","2 veces","33.001","9.541","20.386","20.004","39.549","28.088","20.945","23.478","31.213","37.768","28.019","30.177","7.076"
"¿Cuántas veces por semana?","3 veces","763","222","1.229","1.747","3.473","2.074","1.167","1.953","1.516","3.003","4.671","5.052","163"
"¿Cuántas veces por semana?","4 veces","69","0","58","20","46","45","7","90","31","11","128","70","6"
"¿Cuántas veces por semana?","5 veces","38","14","183","25","16","24","13","86","32","171","190","9","2"
"¿Cuántas veces por semana?","6 veces","38","4","31","13","14","23","32","69","0","5","10","64","0"
"¿Cuántas veces por semana?","7 veces","111","65","430","32","19","40","78","103","15","27","49","13","0"
"¿Cuántas veces por semana?","Mayor periodicidad","35","7","52","18","10","3","21","20","0","12","16","2","538"
"¿Cuántas veces por semana?","No sabe","171","10","65","108","30","88","52","465","19","33","66","19","30"
"La vivienda cuenta con servicio de Recolección de basuras?","No","379","427","318","684","2.419","911","471","668","969","1.762","1.911","2.865","6.608"
"La vivienda cuenta con servicio de Recolección de basuras?","Si","34.424","9.990","22.546","22.154","45.033","30.694","22.384","26.625","33.021","41.457","33.636","35.888","17.548"
"La vivienda cuenta con servicio de internet (Fijo o Movil)?","No","6.842","6.365","7.711","4.393","16.127","5.942","3.733","2.722","10.399","14.614","13.746","14.885","19.463"
"La vivienda cuenta con servicio de internet (Fijo o Movil)?","No informa","461","33","107","181","178","311","135","270","114","132","110","132","126"
"La vivienda cuenta con servicio de internet (Fijo o Movil)?","Si","27.500","4.019","15.046","18.264","31.147","25.352","18.987","24.301","23.477","28.473","21.691","23.736","4.567"
"Condición de ocupación de la Vivienda","Ocupada con personas presentes","34.803","10.417","22.864","22.838","47.452","31.605","22.855","27.293","33.990","43.219","35.547","38.753","24.156"
"Material predominante de las paredes exteriores de la vivienda","Bloque, ladrillo, piedra, madera pulida","26.251","4.675","13.905","17.174","35.573","26.951","20.736","23.107","31.262","32.983","27.433","33.267","15.718"
"Material predominante de las paredes exteriores de la vivienda","Caña, esterilla, otros vegetales","229","689","358","28","398","48","48","44","337","646","442","279","1.682"
"Material predominante de las paredes exteriores de la vivienda","Concreto vaciado","6.833","798","2.587","4.550","9.193","3.769","1.460","3.588","531","3.234","2.679","3.051","908"
"Material predominante de las paredes exteriores de la vivienda","Guadua","140","184","231","24","75","6","47","8","10","175","196","195","288"
"Material predominante de las paredes exteriores de la vivienda","Madera burda, tabla, tablon","233","410","311","212","733","410","219","308","606","959","900","958","1.287"
"Material predominante de las paredes exteriores de la vivienda","Material prefabricado","234","162","370","121","451","179","147","68","260","2.159","277","178","854"
"Material predominante de las paredes exteriores de la vivienda","Materiales de deshecho (Zinc, tela, carton, latas, plásticos, otros)","25","18","12","28","132","30","25","30","59","87","134","125","147"
"Material predominante de las paredes exteriores de la vivienda","No tiene paredes","0","0","0","0","0","0","0","0","0","1","0","2","10"
"Material predominante de las paredes exteriores de la vivienda","Tapia pisada, bahareque, adobe","858","3.481","5.090","701","897","212","173","140","925","2.975","3.486","698","3.262"
"Material predominante de los pisos de esta vivienda","Baldosa, vinilo, tableta, ladrillo, laminado","28.373","3.601","13.464","17.764","37.408","26.258","19.628","16.950","27.598","31.713","24.340","27.842","10.277"
"Material predominante de los pisos de esta vivienda","Cemento, gravilla","1.282","996","487","808","6.097","1.297","761","769","2.770","3.498","3.539","6.443","8.802"
"Material predominante de los pisos de esta vivienda","Madera burda, tabla, tablon, otro vegetal","1.979","5.063","7.012","1.658","1.366","812","765","1.142","1.941","5.097","5.108","1.727","3.147"
"Material predominante de los pisos de esta vivienda","Marmol, parque, madera pulida y lacada","2.912","701","1.674","2.244","1.443","2.776","1.473","7.480","1.216","2.266","1.506","1.138","510"
"Material predominante de los pisos de esta vivienda","Tierra, arena, barro","23","33","103","199","1.057","357","161","247","385","583","993","1.496","1.390"
"¿Qué tipo de servicio sanitario (inodoro) tiene esta vivienda:","Esta vivienda No tiene servicio sanitario?","35","29","106","157","571","253","48","150","207","515","720","877","800"
"¿Qué tipo de servicio sanitario (inodoro) tiene esta vivienda:","Inodoro con descarga directa a fuentes de agua (bajamar)?","115","27","22","40","257","81","216","32","98","187","269","202","646"
"¿Qué tipo de servicio sanitario (inodoro) tiene esta vivienda:","Inodoro conectado a pozo séptico?","387","194","136","598","1.859","774","488","578","863","1.130","1.521","2.226","11.334"
"¿Qué tipo de servicio sanitario (inodoro) tiene esta vivienda:","Inodoro conectado al alcantarillado?","33.768","10.092","22.468","21.781","44.385","30.065","21.838","26.193","32.608","41.073","32.774","34.972","10.645"
"¿Qué tipo de servicio sanitario (inodoro) tiene esta vivienda:","Inodoro sin conexión?","55","38","6","69","147","96","132","40","69","132","94","217","531"
"¿Qué tipo de servicio sanitario (inodoro) tiene esta vivienda:","Letrina?","0","4","12","29","63","13","4","37","49","46","59","134","113"
"¿Qué tipo de servicio sanitario (inodoro) tiene esta vivienda:","No informa","443","33","114","164","170","323","129","263","96","136","110","125","87"
"Tipo vivienda","Apartamento","18.217","4.068","13.467","13.182","17.391","14.879","5.736","17.098","17.965","20.614","14.467","9.578","1.195"
"Tipo vivienda","Casa","16.473","5.583","8.445","9.443","29.471","16.360","16.804","9.617","15.587","22.001","20.116","28.413","22.533"
"Tipo vivienda","Otro (Contenedor, carpa, embarcación, vagon, cueva, refugio natural, etc","11","8","12","5","22","17","0","18","1","3","11","5","20"
"Tipo vivienda","Tipo cuarto","102","753","901","163","353","248","291","484","361","437","675","463","217"
"Tipo vivienda","Vivienda tradicional Indígena","0","5","39","45","215","99","24","69","74","164","258","281","178"
"Tipo vivienda","Vivienda tradicional Étnica (Afrocolombiana, Isleña, Rrom)","0","0","0","0","0","2","0","7","2","0","20","13","13"
